{  "_id" : "Male",  "avg_height" : 167.0800817221447079928243970500299,  "avg_weight" : 70.00180785329878413394458839944190 }
{  "_id" : "Female",  "avg_height" : 167.1261749949829420028095524784267,  "avg_weight" : 70.11384105960264900662251655629139 }
